{
    "input_dict": {
        "progname": "Ex11",
        "candidate": "(x8 || !x6) && (x1 || x8 || !x3) && (x3 || x8 || !x1) && (x3 || !x1 || !x5) && (x6 || !x5 || !x8) && (x3 || x6 || x7 || !x8) && (x1 || x4 || !x3 || !x5) && (x3 || x4 || !x1 || !x2) && (x3 || x4 || !x1 || !x7) && (x3 || x7 || !x1 || !x4) && (x6 || !x1 || !x3 || !x8) && (x6 || !x3 || !x7 || !x8) && (x1 || x3 || x6 || !x2 || !x8) && (x1 || x5 || !x2 || !x3 || !x7) && (x1 || x2 || x7 || !x3 || !x4 || !x6) && (x1 || x5 || x7 || !x3 || !x4 || !x6)",
        "init_states": "(x1 || !x3) && (!x1 || x3) && (x6 || !x8) && (!x6 || x8)",
        "iterations": 1
    },
    "parameters_dict": {
        "epsilon": 0.05,
        "delta": 0.1,
        "t": 500
    },
    "output_dict": {
        "Sampled output states": [
            0,
            2,
            3,
            5,
            7,
            8,
            10,
            13,
            15,
            16,
            18,
            19,
            21,
            23,
            24,
            26,
            29,
            31,
            33,
            37,
            39,
            49,
            55,
            63,
            64,
            66,
            69,
            71,
            72,
            74,
            77,
            79,
            80,
            82,
            85,
            87,
            88,
            90,
            93,
            95,
            97,
            101,
            113,
            125,
            127,
            133,
            147,
            151,
            160,
            162,
            165,
            167,
            168,
            170,
            173,
            175,
            176,
            178,
            181,
            183,
            184,
            186,
            189,
            191,
            211,
            215,
            224,
            226,
            229,
            231,
            232,
            234,
            237,
            239,
            240,
            242,
            245,
            247,
            248,
            250,
            253,
            255
        ],
        "Validifier_value": 0.032,
        "counterexamples": {
            "211": 0.012195121951219513,
            "147": 0.012195121951219513
        }
    }
}