{
    "input_dict": {
        "progname": "Ex9",
        "candidate": "(x1 || x5) && (x1 || !x2) && (x1 || x3 || !x4) && (x1 || x4 || !x3)",
        "init_states": "(x1 || !x2) && (!x1 || x2) && (x3 || !x4) && (!x3 || x4)",
        "iterations": 1
    },
    "parameters_dict": {
        "epsilon": 0.05,
        "delta": 0.1,
        "t": 500
    },
    "output_dict": {
        "Sampled output states": [
            1,
            7,
            16,
            17,
            18,
            19,
            20,
            21,
            22,
            23,
            24,
            25,
            26,
            27,
            28,
            29,
            30,
            31
        ],
        "Validifier_value": 0.34,
        "counterexamples": {
            "17": 0.05555555555555555,
            "19": 0.05555555555555555,
            "20": 0.05555555555555555,
            "21": 0.05555555555555555,
            "22": 0.05555555555555555,
            "23": 0.05555555555555555,
            "27": 0.05555555555555555,
            "29": 0.05555555555555555
        }
    }
}