{
    "input_dict": {
        "progname": "Ex9",
        "candidate": "(x1 || x3 || !x2) && (x1 || !x2 || !x4) && (x2 || !x1 || !x3) && (x2 || !x1 || !x5) && (x1 || x3 || !x4 || !x5) && (x1 || x4 || !x3 || !x5)",
        "init_states": "(x1 || !x2) && (!x1 || x2) && (x3 || !x4) && (!x3 || x4)",
        "iterations": 1
    },
    "parameters_dict": {
        "epsilon": 0.05,
        "delta": 0.1,
        "t": 500
    },
    "output_dict": {
        "Sampled output states": [
            0,
            1,
            2,
            4,
            6,
            7,
            12,
            16,
            18,
            24,
            25,
            26,
            27,
            28,
            29,
            30,
            31
        ],
        "Validifier_value": 0.218,
        "counterexamples": {
            "2": 0.058823529411764705,
            "27": 0.058823529411764705,
            "4": 0.058823529411764705,
            "29": 0.058823529411764705
        }
    }
}