{
    "input_dict": {
        "progname": "Ex9",
        "candidate": "(x2 || x4 || !x3) && (x1 || x2 || x3 || !x4) && (x3 || !x2 || !x4 || !x5) && (x4 || !x1 || !x3 || !x5)",
        "init_states": "(x1 || !x2) && (!x1 || x2) && (x3 || !x4) && (!x3 || x4)",
        "iterations": 1
    },
    "parameters_dict": {
        "epsilon": 0.05,
        "delta": 0.1,
        "t": 500
    },
    "output_dict": {
        "Sampled output states": [
            0,
            1,
            6,
            7,
            8,
            9,
            10,
            12,
            13,
            14,
            15,
            16,
            17,
            18,
            19,
            22,
            23,
            24,
            25,
            26,
            28,
            30,
            31
        ],
        "Validifier_value": 0.442,
        "counterexamples": {
            "8": 0.043478260869565216,
            "9": 0.043478260869565216,
            "10": 0.043478260869565216,
            "13": 0.043478260869565216,
            "14": 0.043478260869565216,
            "15": 0.043478260869565216,
            "17": 0.043478260869565216,
            "19": 0.043478260869565216,
            "22": 0.043478260869565216,
            "23": 0.043478260869565216
        }
    }
}