{
    "input_dict": {
        "progname": "Ex9",
        "candidate": "(x1 || x3 || !x2) && (x1 || x3 || !x4) && (x2 || x4 || !x3) && (x1 || !x2 || !x4) && (x2 || !x1 || !x3) && (x2 || !x1 || !x5) && (x3 || !x4 || !x5) && (x4 || !x3 || !x5)",
        "init_states": "(x1 || !x2) && (!x1 || x2) && (x3 || !x4) && (!x3 || x4)",
        "iterations": 1
    },
    "parameters_dict": {
        "epsilon": 0.05,
        "delta": 0.1,
        "t": 500
    },
    "output_dict": {
        "Sampled output states": [
            0,
            1,
            6,
            7,
            12,
            16,
            18,
            24,
            25,
            26,
            28,
            30,
            31
        ],
        "Validifier_value": 0.364,
        "counterexamples": {
            "12": 0.07692307692307693,
            "16": 0.07692307692307693,
            "18": 0.07692307692307693,
            "26": 0.07692307692307693,
            "28": 0.07692307692307693
        }
    }
}