{
    "input_dict": {
        "progname": "Ex9",
        "candidate": "(!x5 && !x1 && !x2 && !x4) || (!x5 && !x1 && !x2 && x4 && x3) || (!x5 && x1 && x2 && !x3 && !x4) || (!x5 && x1 && x2 && x3 && x4) || (x5 && !x2 && !x1) || (x5 && x2 && x1)",
        "init_states": "(!x1 || x2) && (x1 || !x2) && (!x3 || x4) && (x3 || !x4)",
        "iterations": 1
    },
    "parameters_dict": {
        "epsilon": 0.05,
        "delta": 0.1,
        "t": 500
    },
    "output_dict": {
        "Sampled output states": [
            0,
            1,
            3,
            4,
            5,
            6,
            7,
            24,
            25,
            27,
            29,
            30,
            31
        ],
        "Validifier_value": 0.248,
        "counterexamples": {
            "3": 0.07692307692307693,
            "4": 0.07692307692307693,
            "5": 0.07692307692307693,
            "27": 0.07692307692307693,
            "29": 0.07692307692307693
        }
    }
}