{
    "input_dict": {
        "progname": "Ex9",
        "candidate": "(!x3 && !x4 && !x1 && !x2) || (!x3 && !x4 && x1 && x2) || (!x3 && x4) || (x3 && !x4) || (x3 && x4 && !x2 && !x1) || (x3 && x4 && x2)",
        "init_states": "(!x1 || x2) && (x1 || !x2) && (!x3 || x4) && (x3 || !x4)",
        "iterations": 1
    },
    "parameters_dict": {
        "epsilon": 0.05,
        "delta": 0.1,
        "t": 500
    },
    "output_dict": {
        "Sampled output states": [
            0,
            1,
            2,
            3,
            4,
            5,
            6,
            7,
            10,
            11,
            12,
            13,
            14,
            15,
            18,
            19,
            20,
            21,
            24,
            25,
            26,
            27,
            28,
            29,
            30,
            31
        ],
        "Validifier_value": 0.304,
        "counterexamples": {
            "2": 0.038461538461538464,
            "3": 0.038461538461538464,
            "4": 0.038461538461538464,
            "5": 0.038461538461538464,
            "10": 0.038461538461538464,
            "11": 0.038461538461538464,
            "13": 0.038461538461538464,
            "14": 0.038461538461538464,
            "15": 0.038461538461538464,
            "19": 0.038461538461538464,
            "20": 0.038461538461538464,
            "21": 0.038461538461538464,
            "27": 0.038461538461538464,
            "29": 0.038461538461538464
        }
    }
}