{
    "input_dict": {
        "progname": "Ex9",
        "candidate": "(!x3 && !x4) || (x3 && x4 && !x2 && !x1) || (x3 && x4 && x2 && x1)",
        "init_states": "(!x1 || x2) && (x1 || !x2) && (!x3 || x4) && (x3 || !x4)",
        "iterations": 1
    },
    "parameters_dict": {
        "epsilon": 0.05,
        "delta": 0.1,
        "t": 500
    },
    "output_dict": {
        "Sampled output states": [
            0,
            1,
            6,
            7,
            8,
            9,
            16,
            17,
            24,
            25,
            30,
            31
        ],
        "Validifier_value": 0.132,
        "counterexamples": {
            "8": 0.08333333333333333,
            "17": 0.08333333333333333,
            "9": 0.08333333333333333
        }
    }
}