{
    "input_dict": {
        "progname": "Ex9",
        "candidate": "(x1 || !x2) && (!x1 || x2) && (x3 || !x4) && (!x3 || x4)",
        "init_states": "(x1 || !x2) && (!x1 || x2) && (x3 || !x4) && (!x3 || x4)",
        "iterations": 1
    },
    "parameters_dict": {
        "epsilon": 0.05,
        "delta": 0.1,
        "m1": 600,
        "m2": 10
    },
    "output_dict": {
        "Reachability_dict": {
            "24": 1500,
            "26": 978,
            "28": 864,
            "12": 532,
            "30": 592,
            "18": 1058,
            "16": 476
        },
        "DistEstimate_value": 0.3443333333333334,
        "counterexamples": {
            "12": 0.08866666666666667,
            "18": 0.17633333333333334,
            "16": 0.07933333333333334
        }
    }
}