{
    "input_dict": {
        "progname": "Ex9",
        "candidate": "(x2 || !x1) && (x1 || x4 || !x3 || !x5) && (x3 || x5 || !x1 || !x4) && (x4 || x5 || !x1 || !x3)",
        "init_states": "(x1 || !x2) && (!x1 || x2) && (x3 || !x4) && (!x3 || x4)",
        "iterations": 1
    },
    "parameters_dict": {
        "epsilon": 0.05,
        "delta": 0.1,
        "m1": 600,
        "m2": 10
    },
    "output_dict": {
        "Reachability_dict": {
            "16": 569,
            "28": 1038,
            "12": 536,
            "26": 927,
            "24": 1390,
            "18": 971,
            "30": 569
        },
        "DistEstimate_value": 0.5841666666666667,
        "counterexamples": {
            "16": 0.09483333333333334,
            "28": 0.173,
            "26": 0.1545,
            "18": 0.16183333333333333
        }
    }
}