{
    "input_dict": {
        "progname": "Ex9",
        "candidate": "(x1 || !x2) && (!x1 || x2)",
        "init_states": "(x1 || !x2) && (!x1 || x2) && (x3 || !x4) && (!x3 || x4)",
        "iterations": 1
    },
    "parameters_dict": {
        "epsilon": 0.05,
        "delta": 0.1,
        "m1": 600,
        "m2": 10
    },
    "output_dict": {
        "Reachability_dict": {
            "30": 600,
            "18": 950,
            "12": 538,
            "26": 936,
            "24": 1460,
            "16": 533,
            "28": 983
        },
        "DistEstimate_value": 0.3368333333333333,
        "counterexamples": {
            "18": 0.15833333333333333,
            "12": 0.08966666666666667,
            "16": 0.08883333333333333
        }
    }
}