{
    "input_dict": {
        "progname": "Ex9",
        "candidate": "(x1 || x2 || x3 || !x4) && (x1 || x2 || x4 || !x3) && (x3 || !x1 || !x2 || !x4) && (x4 || !x1 || !x2 || !x3)",
        "init_states": "(x1 || !x2) && (!x1 || x2) && (x3 || !x4) && (!x3 || x4)",
        "iterations": 1
    },
    "parameters_dict": {
        "epsilon": 0.05,
        "delta": 0.1,
        "m1": 600,
        "m2": 10
    },
    "output_dict": {
        "Reachability_dict": {
            "12": 594,
            "26": 1014,
            "24": 1480,
            "28": 905,
            "16": 567,
            "30": 545,
            "18": 895
        },
        "DistEstimate_value": 0.3198333333333333,
        "counterexamples": {
            "26": 0.169,
            "28": 0.15083333333333335
        }
    }
}