{
    "input_dict": {
        "progname": "Ex9",
        "candidate": "(x1 || !x2) && (x2 || !x1) && (x1 || x3 || !x4) && (x3 || x5 || !x4) && (x4 || x5 || !x2 || !x3)",
        "init_states": "(x1 || !x2) && (!x1 || x2) && (x3 || !x4) && (!x3 || x4)",
        "iterations": 1
    },
    "parameters_dict": {
        "epsilon": 0.05,
        "delta": 0.1,
        "m1": 600,
        "m2": 10
    },
    "output_dict": {
        "Reachability_dict": {
            "26": 887,
            "12": 445,
            "28": 1002,
            "16": 596,
            "24": 1430,
            "18": 1015,
            "30": 625
        },
        "DistEstimate_value": 0.6575,
        "counterexamples": {
            "26": 0.14783333333333334,
            "12": 0.07416666666666667,
            "28": 0.167,
            "16": 0.09933333333333333,
            "18": 0.16916666666666666
        }
    }
}