{
    "input_dict": {
        "progname": "Ex9",
        "candidate": "(x1 || x2 || x3 || !x4) && (x1 || x2 || x4 || !x3) && (x3 || !x1 || !x2 || !x4) && (x4 || !x1 || !x2 || !x3)",
        "init_states": "(x1 || !x2) && (!x1 || x2) && (x3 || !x4) && (!x3 || x4)",
        "iterations": 1
    },
    "parameters_dict": {
        "epsilon": 0.05,
        "delta": 0.1,
        "m1": 600,
        "m2": 10
    },
    "output_dict": {
        "Reachability_dict": {
            "12": 503,
            "26": 911,
            "28": 1064,
            "16": 612,
            "18": 806,
            "30": 514,
            "24": 1590
        },
        "DistEstimate_value": 0.3291666666666667,
        "counterexamples": {
            "26": 0.15183333333333332,
            "28": 0.17733333333333334
        }
    }
}