{
    "input_dict": {
        "progname": "Ex9",
        "candidate": "(x1 || x2 || x3 || !x4) && (x1 || x2 || x4 || !x3) && (x3 || !x1 || !x2 || !x4) && (x4 || !x1 || !x2 || !x3)",
        "init_states": "(x1 || !x2) && (!x1 || x2) && (x3 || !x4) && (!x3 || x4)",
        "iterations": 1
    },
    "parameters_dict": {
        "epsilon": 0.05,
        "delta": 0.1,
        "m1": 600,
        "m2": 10
    },
    "output_dict": {
        "Reachability_dict": {
            "24": 1510,
            "28": 1006,
            "16": 574,
            "12": 516,
            "26": 934,
            "18": 890,
            "30": 570
        },
        "DistEstimate_value": 0.32333333333333336,
        "counterexamples": {
            "28": 0.16766666666666666,
            "26": 0.15566666666666668
        }
    }
}