{
    "input_dict": {
        "progname": "Ex9",
        "candidate": "(x1 || x2 || x3 || !x4) && (x1 || x2 || x4 || !x3) && (x3 || !x1 || !x2 || !x4) && (x4 || !x1 || !x2 || !x3)",
        "init_states": "(x1 || !x2) && (!x1 || x2) && (x3 || !x4) && (!x3 || x4)",
        "iterations": 1
    },
    "parameters_dict": {
        "epsilon": 0.05,
        "delta": 0.1,
        "m1": 600,
        "m2": 10
    },
    "output_dict": {
        "Reachability_dict": {
            "18": 1029,
            "30": 631,
            "26": 853,
            "12": 464,
            "28": 1042,
            "16": 561,
            "24": 1420
        },
        "DistEstimate_value": 0.3158333333333333,
        "counterexamples": {
            "26": 0.14216666666666666,
            "28": 0.17366666666666666
        }
    }
}