{
    "input_dict": {
        "progname": "Ex9",
        "candidate": "(x1 || x2 || x3 || !x4) && (x1 || x2 || x4 || !x3) && (x3 || !x1 || !x2 || !x4) && (x4 || !x1 || !x2 || !x3)",
        "init_states": "(x1 || !x2) && (!x1 || x2) && (x3 || !x4) && (!x3 || x4)",
        "iterations": 1
    },
    "parameters_dict": {
        "epsilon": 0.05,
        "delta": 0.1,
        "m1": 600,
        "m2": 10
    },
    "output_dict": {
        "Reachability_dict": {
            "24": 1460,
            "30": 577,
            "18": 963,
            "12": 582,
            "26": 1031,
            "28": 884,
            "16": 503
        },
        "DistEstimate_value": 0.3191666666666667,
        "counterexamples": {
            "26": 0.17183333333333334,
            "28": 0.14733333333333334
        }
    }
}