{
    "input_dict": {
        "progname": "Ex9",
        "candidate": "(x1 || !x2) && (x2 || !x1) && (x1 || x3 || !x4) && (x3 || x5 || !x4) && (x4 || x5 || !x2 || !x3)",
        "init_states": "(x1 || !x2) && (!x1 || x2) && (x3 || !x4) && (!x3 || x4)",
        "iterations": 1
    },
    "parameters_dict": {
        "epsilon": 0.05,
        "delta": 0.1,
        "m1": 600,
        "m2": 10
    },
    "output_dict": {
        "Reachability_dict": {
            "12": 535,
            "26": 968,
            "24": 1600,
            "18": 902,
            "30": 548,
            "16": 546,
            "28": 901
        },
        "DistEstimate_value": 0.642,
        "counterexamples": {
            "12": 0.08916666666666667,
            "26": 0.16133333333333333,
            "18": 0.15033333333333335,
            "16": 0.091,
            "28": 0.15016666666666667
        }
    }
}