{
    "input_dict": {
        "progname": "Ex9",
        "candidate": "(x1 || x2 || x3 || !x4) && (x1 || x2 || x4 || !x3) && (x3 || !x1 || !x2 || !x4) && (x4 || !x1 || !x2 || !x3)",
        "init_states": "(x1 || !x2) && (!x1 || x2) && (x3 || !x4) && (!x3 || x4)",
        "iterations": 1
    },
    "parameters_dict": {
        "epsilon": 0.05,
        "delta": 0.1,
        "m1": 600,
        "m2": 10
    },
    "output_dict": {
        "Reachability_dict": {
            "26": 1031,
            "12": 524,
            "28": 928,
            "16": 547,
            "24": 1440,
            "18": 976,
            "30": 554
        },
        "DistEstimate_value": 0.3265,
        "counterexamples": {
            "26": 0.17183333333333334,
            "28": 0.15466666666666667
        }
    }
}