{
    "input_dict": {
        "progname": "Ex9",
        "candidate": "(x1 || x2 || x3 || !x4) && (x1 || x2 || x4 || !x3) && (x3 || !x1 || !x2 || !x4) && (x4 || !x1 || !x2 || !x3)",
        "init_states": "(x1 || !x2) && (!x1 || x2) && (x3 || !x4) && (!x3 || x4)",
        "iterations": 1
    },
    "parameters_dict": {
        "epsilon": 0.05,
        "delta": 0.1,
        "m1": 600,
        "m2": 10
    },
    "output_dict": {
        "Reachability_dict": {
            "24": 1420,
            "18": 1016,
            "30": 644,
            "16": 600,
            "28": 1035,
            "26": 854,
            "12": 431
        },
        "DistEstimate_value": 0.3148333333333333,
        "counterexamples": {
            "28": 0.1725,
            "26": 0.14233333333333334
        }
    }
}