{
    "input_dict": {
        "progname": "Ex9",
        "candidate": "(x1 || x2 || x3 || !x4) && (x1 || x2 || x4 || !x3) && (x3 || !x1 || !x2 || !x4) && (x4 || !x1 || !x2 || !x3)",
        "init_states": "(x1 || !x2) && (!x1 || x2) && (x3 || !x4) && (!x3 || x4)",
        "iterations": 1
    },
    "parameters_dict": {
        "epsilon": 0.05,
        "delta": 0.1,
        "m1": 600,
        "m2": 10
    },
    "output_dict": {
        "Reachability_dict": {
            "16": 638,
            "28": 1096,
            "18": 907,
            "30": 553,
            "26": 839,
            "12": 417,
            "24": 1550
        },
        "DistEstimate_value": 0.3225,
        "counterexamples": {
            "28": 0.18266666666666667,
            "26": 0.13983333333333334
        }
    }
}