{
    "input_dict": {
        "progname": "Ex9",
        "candidate": "(x1 || x2 || x3 || !x4) && (x1 || x2 || x4 || !x3) && (x3 || !x1 || !x2 || !x4) && (x4 || !x1 || !x2 || !x3)",
        "init_states": "(x1 || !x2) && (!x1 || x2) && (x3 || !x4) && (!x3 || x4)",
        "iterations": 1
    },
    "parameters_dict": {
        "epsilon": 0.05,
        "delta": 0.1,
        "m1": 600,
        "m2": 10
    },
    "output_dict": {
        "Reachability_dict": {
            "30": 630,
            "18": 1050,
            "24": 1370,
            "16": 521,
            "28": 919,
            "26": 992,
            "12": 518
        },
        "DistEstimate_value": 0.3185,
        "counterexamples": {
            "28": 0.15316666666666667,
            "26": 0.16533333333333333
        }
    }
}