{
    "input_dict": {
        "progname": "Ex9",
        "candidate": "(x1 || x2 || x3 || !x4) && (x1 || x2 || x4 || !x3) && (x3 || !x1 || !x2 || !x4) && (x4 || !x1 || !x2 || !x3)",
        "init_states": "(x1 || !x2) && (!x1 || x2) && (x3 || !x4) && (!x3 || x4)",
        "iterations": 1
    },
    "parameters_dict": {
        "epsilon": 0.05,
        "delta": 0.1,
        "m1": 600,
        "m2": 10
    },
    "output_dict": {
        "Reachability_dict": {
            "26": 916,
            "12": 503,
            "24": 1590,
            "18": 966,
            "28": 1015,
            "16": 516,
            "30": 494
        },
        "DistEstimate_value": 0.3218333333333333,
        "counterexamples": {
            "26": 0.15266666666666667,
            "28": 0.16916666666666666
        }
    }
}