{
    "input_dict": {
        "progname": "Ex9",
        "candidate": "(!x3 && !x4) || (x3 && x4 && !x2 && !x1) || (x3 && x4 && x2 && x1)",
        "init_states": "(!x1 || x2) && (x1 || !x2) && (!x3 || x4) && (x3 || !x4)",
        "iterations": 1
    },
    "parameters_dict": {
        "epsilon": 0.05,
        "delta": 0.1,
        "m1": 600,
        "m2": 10
    },
    "output_dict": {
        "Reachability_dict": {
            "30": 49,
            "26": 467,
            "24": 5025,
            "28": 129,
            "12": 175,
            "16": 48,
            "18": 107
        },
        "DistEstimate_value": 0.14633333333333332,
        "counterexamples": {
            "26": 0.07783333333333334,
            "28": 0.0215,
            "12": 0.029166666666666667,
            "18": 0.017833333333333333
        }
    }
}