{
    "input_dict": {
        "progname": "Ex9",
        "candidate": "(x1 || !x2) && (x2 || !x1) && (x1 || x3 || !x4)",
        "init_states": "(x1 || !x2) && (!x1 || x2) && (x3 || !x4) && (!x3 || x4)",
        "iterations": 1
    },
    "parameters_dict": {
        "epsilon": 0.05,
        "delta": 0.1,
        "m1": 600,
        "m2": 10
    },
    "output_dict": {
        "Reachability_dict": {
            "18": 988,
            "30": 602,
            "28": 1016,
            "16": 594,
            "24": 1630,
            "26": 766,
            "12": 404
        },
        "DistEstimate_value": 0.33099999999999996,
        "counterexamples": {
            "18": 0.16466666666666666,
            "16": 0.099,
            "12": 0.06733333333333333
        }
    }
}