{
    "input_dict": {
        "progname": "Ex9",
        "candidate": "(x1 || !x2) && (x2 || !x1) && (x1 || x3 || !x4)",
        "init_states": "(x1 || !x2) && (!x1 || x2) && (x3 || !x4) && (!x3 || x4)",
        "iterations": 1
    },
    "parameters_dict": {
        "epsilon": 0.05,
        "delta": 0.1,
        "m1": 600,
        "m2": 10
    },
    "output_dict": {
        "Reachability_dict": {
            "24": 1660,
            "26": 838,
            "12": 456,
            "28": 1007,
            "16": 539,
            "30": 533,
            "18": 967
        },
        "DistEstimate_value": 0.32699999999999996,
        "counterexamples": {
            "12": 0.076,
            "16": 0.08983333333333333,
            "18": 0.16116666666666668
        }
    }
}