{
    "input_dict": {
        "progname": "Ex9",
        "candidate": "(!x5 && !x1 && !x2 && !x4) || (!x5 && !x1 && !x2 && x4 && x3) || (!x5 && x1 && x2 && !x3 && !x4) || (!x5 && x1 && x2 && x3 && x4) || (x5 && !x2 && !x1) || (x5 && x2 && x1)",
        "init_states": "(!x1 || x2) && (x1 || !x2) && (!x3 || x4) && (x3 || !x4)",
        "iterations": 1
    },
    "parameters_dict": {
        "epsilon": 0.05,
        "delta": 0.1,
        "m1": 600,
        "m2": 10
    },
    "output_dict": {
        "Reachability_dict": {
            "18": 91,
            "26": 477,
            "24": 5030,
            "28": 125,
            "16": 54,
            "12": 157,
            "30": 66
        },
        "DistEstimate_value": 0.15066666666666662,
        "counterexamples": {
            "18": 0.015166666666666667,
            "26": 0.0795,
            "28": 0.020833333333333332,
            "16": 0.009,
            "12": 0.026166666666666668
        }
    }
}