{
    "input_dict": {
        "progname": "Ex9",
        "candidate": "(x2 || x4 || !x3) && (x3 || !x2 || !x4) && (x4 || !x1 || !x3)",
        "init_states": "(x1 || !x2) && (!x1 || x2) && (x3 || !x4) && (!x3 || x4)",
        "iterations": 1
    },
    "parameters_dict": {
        "epsilon": 0.05,
        "delta": 0.1,
        "m1": 600,
        "m2": 10
    },
    "output_dict": {
        "Reachability_dict": {
            "28": 917,
            "16": 517,
            "24": 1590,
            "12": 582,
            "26": 1024,
            "30": 528,
            "18": 842
        },
        "DistEstimate_value": 0.3235,
        "counterexamples": {
            "28": 0.15283333333333332,
            "26": 0.17066666666666666
        }
    }
}