{
    "input_dict": {
        "progname": "Ex9",
        "candidate": "(!x5 && !x1 && !x2 && !x4) || (!x5 && !x1 && !x2 && x4 && x3) || (!x5 && x1 && x2 && !x3 && !x4) || (!x5 && x1 && x2 && x3 && x4) || (x5 && !x2 && !x1) || (x5 && x2 && x1)",
        "init_states": "(!x1 || x2) && (x1 || !x2) && (!x3 || x4) && (x3 || !x4)",
        "iterations": 1
    },
    "parameters_dict": {
        "epsilon": 0.05,
        "delta": 0.1,
        "m1": 600,
        "m2": 10
    },
    "output_dict": {
        "Reachability_dict": {
            "24": 5034,
            "12": 151,
            "18": 91,
            "16": 59,
            "30": 59,
            "26": 507,
            "28": 99
        },
        "DistEstimate_value": 0.15116666666666667,
        "counterexamples": {
            "12": 0.025166666666666667,
            "18": 0.015166666666666667,
            "16": 0.009833333333333333,
            "26": 0.0845,
            "28": 0.0165
        }
    }
}