{
    "input_dict": {
        "progname": "Ex9",
        "candidate": "(!x5 && !x1 && !x2 && !x4) || (!x5 && !x1 && !x2 && x4 && x3) || (!x5 && x1 && x2 && !x3 && !x4) || (!x5 && x1 && x2 && x3 && x4) || (x5 && !x2 && !x1) || (x5 && x2 && x1)",
        "init_states": "(!x1 || x2) && (x1 || !x2) && (!x3 || x4) && (x3 || !x4)",
        "iterations": 1
    },
    "parameters_dict": {
        "epsilon": 0.05,
        "delta": 0.1,
        "m1": 600,
        "m2": 10
    },
    "output_dict": {
        "Reachability_dict": {
            "24": 5039,
            "26": 452,
            "18": 78,
            "28": 124,
            "12": 180,
            "16": 58,
            "30": 69
        },
        "DistEstimate_value": 0.1486666666666666,
        "counterexamples": {
            "26": 0.07533333333333334,
            "18": 0.013,
            "28": 0.020666666666666667,
            "12": 0.03,
            "16": 0.009666666666666667
        }
    }
}