{
    "input_dict": {
        "progname": "Ex9",
        "candidate": "(x1 || !x2) && (x2 || !x1)",
        "init_states": "(x1 || !x2) && (!x1 || x2) && (x3 || !x4) && (!x3 || x4)",
        "iterations": 1
    },
    "parameters_dict": {
        "epsilon": 0.05,
        "delta": 0.1,
        "m1": 600,
        "m2": 10
    },
    "output_dict": {
        "Reachability_dict": {
            "28": 939,
            "16": 524,
            "30": 582,
            "18": 938,
            "24": 1540,
            "12": 517,
            "26": 960
        },
        "DistEstimate_value": 0.3298333333333333,
        "counterexamples": {
            "16": 0.08733333333333333,
            "18": 0.15633333333333332,
            "12": 0.08616666666666667
        }
    }
}