{
    "input_dict": {
        "progname": "Ex9",
        "candidate": "(!x1 && !x2) || (x1 && x2)",
        "init_states": "(!x1 || x2) && (x1 || !x2) && (!x3 || x4) && (x3 || !x4)",
        "iterations": 1
    },
    "parameters_dict": {
        "epsilon": 0.05,
        "delta": 0.1,
        "m1": 600,
        "m2": 10
    },
    "output_dict": {
        "Reachability_dict": {
            "30": 60,
            "26": 477,
            "24": 5017,
            "12": 166,
            "28": 127,
            "18": 98,
            "16": 55
        },
        "DistEstimate_value": 0.053166666666666695,
        "counterexamples": {
            "12": 0.027666666666666666,
            "18": 0.01633333333333333,
            "16": 0.009166666666666667
        }
    }
}