{
    "input_dict": {
        "progname": "Ex9",
        "candidate": "(x1 || !x2) && (!x1 || x2)",
        "init_states": "(x1 || !x2) && (!x1 || x2) && (x3 || !x4) && (!x3 || x4)",
        "iterations": 1
    },
    "parameters_dict": {
        "epsilon": 0.05,
        "delta": 0.1,
        "m1": 600,
        "m2": 10
    },
    "output_dict": {
        "Reachability_dict": {
            "24": 1620,
            "18": 869,
            "30": 571,
            "28": 1063,
            "16": 575,
            "12": 466,
            "26": 836
        },
        "DistEstimate_value": 0.31833333333333336,
        "counterexamples": {
            "18": 0.14483333333333334,
            "16": 0.09583333333333334,
            "12": 0.07766666666666666
        }
    }
}