{
    "input_dict": {
        "progname": "Ex9",
        "candidate": "(x1 || !x2) && (!x1 || x2)",
        "init_states": "(x1 || !x2) && (!x1 || x2) && (x3 || !x4) && (!x3 || x4)",
        "iterations": 1
    },
    "parameters_dict": {
        "epsilon": 0.05,
        "delta": 0.1,
        "m1": 600,
        "m2": 10
    },
    "output_dict": {
        "Reachability_dict": {
            "28": 1009,
            "16": 577,
            "24": 1540,
            "26": 860,
            "12": 504,
            "30": 585,
            "18": 925
        },
        "DistEstimate_value": 0.33433333333333337,
        "counterexamples": {
            "16": 0.09616666666666666,
            "12": 0.084,
            "18": 0.15416666666666667
        }
    }
}