{
    "input_dict": {
        "progname": "Ex9",
        "candidate": "(x1 || !x2) && (!x1 || x2)",
        "init_states": "(x1 || !x2) && (!x1 || x2) && (x3 || !x4) && (!x3 || x4)",
        "iterations": 1
    },
    "parameters_dict": {
        "epsilon": 0.05,
        "delta": 0.1,
        "m1": 600,
        "m2": 10
    },
    "output_dict": {
        "Reachability_dict": {
            "16": 578,
            "28": 968,
            "12": 489,
            "26": 905,
            "18": 1088,
            "30": 642,
            "24": 1330
        },
        "DistEstimate_value": 0.35916666666666663,
        "counterexamples": {
            "16": 0.09633333333333334,
            "12": 0.0815,
            "18": 0.18133333333333335
        }
    }
}