{
    "input_dict": {
        "progname": "Ex9",
        "candidate": "(x1 || !x2) && (!x1 || x2)",
        "init_states": "(x1 || !x2) && (!x1 || x2) && (x3 || !x4) && (!x3 || x4)",
        "iterations": 1
    },
    "parameters_dict": {
        "epsilon": 0.05,
        "delta": 0.1,
        "m1": 600,
        "m2": 10
    },
    "output_dict": {
        "Reachability_dict": {
            "28": 961,
            "16": 515,
            "24": 1460,
            "18": 871,
            "30": 559,
            "26": 1029,
            "12": 605
        },
        "DistEstimate_value": 0.3318333333333333,
        "counterexamples": {
            "16": 0.08583333333333333,
            "18": 0.14516666666666667,
            "12": 0.10083333333333333
        }
    }
}