{
    "input_dict": {
        "progname": "Ex9",
        "candidate": "(x1 || !x2) && (x2 || !x1) && (x4 || x5 || !x2 || !x3)",
        "init_states": "(x1 || !x2) && (!x1 || x2) && (x3 || !x4) && (!x3 || x4)",
        "iterations": 1
    },
    "parameters_dict": {
        "epsilon": 0.05,
        "delta": 0.1,
        "m1": 600,
        "m2": 10
    },
    "output_dict": {
        "Reachability_dict": {
            "16": 451,
            "28": 814,
            "18": 1012,
            "30": 598,
            "12": 552,
            "26": 983,
            "24": 1590
        },
        "DistEstimate_value": 0.47150000000000003,
        "counterexamples": {
            "16": 0.07516666666666667,
            "28": 0.13566666666666666,
            "18": 0.16866666666666666,
            "12": 0.092
        }
    }
}